Origin,Destination,Demand Served,Max Demand,Drive Time,Setup Time,Service Time
C1045,OH114,36.895965973,36.895965973,3983.15262501008,900,11068.7897919
OH285,C1045,,,5177.10280214815,,
OH114,OH285,4.00233121,4.00233121,1675.03180504111,900,1200.6993630000002
