Origin,Destination,Demand Served,Max Demand,Drive Time,Setup Time,Service Time
C1045,OH114,102.89129833319893,106.52424470300001,3983.15262501008,1800,15433.69474997984
OH114,C1045,,,3983.15262501008,,
